barcode,cell_line_name,compound_name,dosage,time,1,2,3,4,5,6,7,8
-1  1  0  0  0  0  0  0,WM35_MEKI,MEK inhibitor-05,0.00001nm,24hr,-5.558581903330251,2.242011965608007,-0.22525863262890464,0.0188201050840947,0.43033919445374214,-0.07037894371816665,-0.14791967063128206,0.010936463693386201
-1  1  0 -1  0  0  0  0,WM35_MEKI,MEK inhibitor-05,1nm,24hr,-5.003642215477435,2.2698126298479777,-0.5287692105386411,-0.7544243425476405,-0.5875569510188946,-0.4761018984932132,0.061354651930122066,-0.2853790655214905
-1  1  0 -1  0  0  0  0,WM35_BRAFI,BRAF inhibitor-02,40nm,0,-5.3270766994416885,2.410197024434022,-0.506066534416548,-0.7426542553137688,-0.539166812609958,0.10029474086759027,-0.29987306556576615,0.2089038183809773
-1 -1 -1  0  0  0  0  0,UCSD354L_PI3KI,PI3K inhibitor-02,40nm,24hr,-4.212934475321415,-2.944379725780927,-3.4178438193598413,0.4440224228265967,0.028626042230056246,-0.45284764065397554,0.1731715264096572,0.04322271915757164
-1 -1  1 -1  0  0  0  0,UCSD354L_AKTI,AKT inhibitor-02,40nm,48hr,-5.753402789562104,-2.3814361698026487,1.9307150603065397,-1.1649511783036286,0.5788971330165535,-0.3268166645324352,-0.4435316209961288,0.10813200400223535
